hidden_layer,batch_size,learning_rate,taxa_acerto,num_epochs,training_loss,validation_loss
25,10,0.5,0.9075952380952381,25,"[2.152567335128784, 1.857459480047226, 1.7234894869327546, 1.6743754956722259, 1.6540816159248353, 1.6100610251426697, 1.5774731125831605, 1.5622073993682861, 1.5521693789958955, 1.544564351797104, 1.5388607347011567, 1.5339629797935486, 1.5290427899360657, 1.5254949758052825, 1.5214281685352324, 1.5180338814258576, 1.514713191986084, 1.5124737811088562, 1.5098975484371184, 1.5081480522155761, 1.5057752022743225, 1.5040338523387908, 1.5020492153167724, 1.5009905817508697, 1.4996171524524688]","[1.9704369618779136, 1.7720353035699754, 1.7007930193628584, 1.6758818115506853, 1.6652757071313404, 1.6076774171420507, 1.592263488542466, 1.5871117398852395, 1.5808506324177696, 1.5767674559638614, 1.5782744685808818, 1.5737033287684123, 1.573307264418829, 1.567208014783405, 1.5679844334011985, 1.565080219791049, 1.5639377378282093, 1.564914569968269, 1.5640806328682673, 1.5646636571202959, 1.5618440821057273, 1.5632043651172094, 1.56235990353993, 1.5626142365591866, 1.5623647315161568]"
